{
    "chapter1": {
        "ex1": 0,
        "ex2": 0,
        "ex3": 0,
        "ex4": 0,
        "ex5": 0
    },
    "chapter2": {
        "ex1": 0,
        "ex2": 0,
        "ex3": 0
    },
    "chapter3": {
        "ex1": 0,
        "ex2": 0,
        "ex3": 0,
        "ex4": 0,
        "ex5": 0
    },
    "chapter4": {
        "ex1": 0,
        "ex2": 0,
        "ex3": 0,
        "ex4": 0,
        "ex5": 0,
        "ex6": 0,
        "ex7": 0
    },
    "chapter5": {
        "ex1": 0,
        "ex2": 0,
        "ex3": 0,
        "ex4": 0,
        "ex5": 0,
        "ex6": 0,
        "ex7": 0,
        "ex8": 0,
        "ex9": 0
    },
    "chapter6": {
        "ex1": 0,
        "ex2": 0,
        "ex3": 0,
        "ex4": 0,
        "ex5": 0,
        "ex6": 0
    },
    "chapter7": {
        "ex1": 0,
        "ex2": 0,
        "ex3": 0,
        "ex4": 0,
        "ex5": 0,
        "ex6": 0,
        "ex7": 0,
        "ex8": 0,
        "ex9": 0,
        "ex10": 0,
        "ex11": 0,
        "ex12": 0
    },
    "chapter8": {
        "ex1": 0,
        "ex2": 0,
        "ex3": 0
    },
    "chapter9": {
        "ex1": 0,
        "ex2": 0,
        "ex3": 0,
        "ex4": 0,
        "ex5": 0,
        "ex6": 0,
        "ex7": 0
    },
    "chapter10": {
        "ex1": 0,
        "ex2": 0,
        "ex3": 0,
        "ex4": 0,
        "ex5": 0
    },
    "chapter11": {
        "ex1": 0,
        "ex2": 0,
        "ex3": 0,
        "ex4": 0
    },
    "chapter12": {
        "ex1": 0,
        "ex2": 0,
        "ex3": 0
    },
    "chapter13": {
        "ex1": 0,
        "ex2": 0,
        "ex3": 0,
        "ex4": 0,
        "ex5": 0,
        "ex6": 0
    }
}